<?xml version="1.0" encoding="UTF-8" standalone="yes"?>
<addon id="script.color.picker" name="XBMC Color Picker [Beta]" version="1.0.7" provider-name="Frost and Mikebzh44 (passion-xbmc.org)">
	<requires>
		<import addon="xbmc.python" version="2.19.0"/>
		<import addon="script.module.pil" version="1.1.7"/>
	</requires>
	<extension point="xbmc.python.script" library="default.py">
	</extension>
	<extension point="xbmc.addon.metadata">
		<summary lang="en">XBMC Color Picker</summary>
		<description lang="en">XBMC Color Picker</description>
		<nofanart>true</nofanart>
		<license>GPL</license>
		<platform>all</platform>
	</extension>
</addon>
