<window id="3001">
	<defaultcontrol always="true">1301</defaultcontrol>
	<animation effect="fade" start="0" end="100" time="200">WindowOpen</animation>
	<animation effect="fade" start="100" end="0" time="200">WindowClose</animation>
	<controls>
		<control type="group">
			<description>Properties</description>
			<visible>false</visible>
			<control type="list" id="50">
				<description>Container for keep property</description>
				<posx>0</posx>
				<posy>0</posy>
				<width>1</width>
				<height>1</height>
				<viewtype label="Properties">list</viewtype>
				<pagecontrol>-</pagecontrol>
				<itemlayout height="1" width="1" />
				<focusedlayout height="1" width="1" />
			</control>
			<control type="label" id="151">
				<description>Current Focus Color</description>
				<!-- don't use $INFO[Container(50)...] in <colordiffuse> on browse.xml open xbmc crash -->
				<!-- but with $INFO[Control.GetLabel(151)] is OK !!!!-->
				<label fallback="white">$INFO[Container(50).Property(CurrentFocusColor)]</label>
			</control>
		</control>

		<control type="image" id="1300">
			<description>fullscreen image is screenshot</description>
			<posx>0</posx>
			<posy>0</posy>
			<width>1280</width>
			<height>720</height>
			<texture>$INFO[Container(50).Property(ScreenColor)]</texture>
		</control>
		<control type="button" id="1301">
			<description>image click button (mouse auto get pos x,y)</description>
			<posx>0</posx>
			<posy>0</posy>
			<width>1280</width>
			<height>720</height>
			<label>-</label>
			<font>-</font>
			<texturefocus>-</texturefocus>
			<texturenofocus>-</texturenofocus>
		</control>

		<control type="group" id="1303">
			<description>Pipette group auto mouving with mouse</description>
			<posx>0</posx>
			<posy>0</posy>
			<control type="image">
				<description>Pipette image</description>
				<posx>0</posx>
				<posy>-75</posy>
				<width>75</width>
				<height>75</height>
				<aspectratio aligny="bottom">keep</aspectratio>
				<texture>picker-syringe.png</texture>
			</control>
			<control type="image">
				<description>back image</description>
				<posx>0</posx>
				<posy>-75</posy>
				<width>75</width>
				<height>75</height>
				<aspectratio aligny="bottom">keep</aspectratio>
				<texture>picker-syringe-back.png</texture>
				<colordiffuse>$INFO[Control.GetLabel(151)]</colordiffuse>
				<visible>!IsEmpty(Control.GetLabel(151))</visible>
			</control>
			<control type="image">
				<description>overlay image</description>
				<posx>0</posx>
				<posy>-75</posy>
				<width>75</width>
				<height>75</height>
				<aspectratio aligny="bottom">keep</aspectratio>
				<texture>picker-syringe-overlay.png</texture>
				<visible>IsEmpty(Control.GetLabel(151))</visible>
			</control>
		</control>

		<control type="label">
			<description>path of fullscreen image/screenshot</description>
			<posx>50</posx>
			<posy>30r</posy>
			<width>1180</width>
			<height>20</height>
			<font>font12_title</font>
			<textcolor>white</textcolor>
			<shadowcolor>black</shadowcolor>
			<label>$INFO[Container(50).Property(ScreenColor)]</label>
			<animation effect="slide" end="0,30" time="300" condition="!IntegerGreaterThan(Container(50).Property(MousePosX),1230) + IntegerGreaterThan(Container(50).Property(MousePosX),50) + IntegerGreaterThan(Container(50).Property(MousePosY),690)">conditional</animation>
		</control>
		<control type="group">
			<description>infos</description>
			<animation effect="slide" end="-400,0" time="300" condition="IntegerGreaterThan(Container(50).Property(MousePosX),860) + IntegerGreaterThan(Container(50).Property(MousePosY),630)">conditional</animation>
			<posx>860</posx>
			<posy>630</posy>
			<control type="image">
				<posx>0</posx>
				<posy>0</posy>
				<width>400</width>
				<height>70</height>
				<colordiffuse>EEFFFFFF</colordiffuse>
				<texture border="12">picker-OverlayDialogBackground.png</texture>
			</control>
			<control type="image">
				<description>Current Focus Color</description>
				<posx>20</posx>
				<posy>10</posy>
				<width>50</width>
				<height>50</height>
				<aspectratio>keep</aspectratio>
				<texture>picker-white.png</texture>
				<colordiffuse>$INFO[Control.GetLabel(151)]</colordiffuse>
			</control>
			<control type="fadelabel">
				<description>Line 1 Label</description>
				<posx>75</posx>
				<posy>15</posy>
				<width>310</width>
				<height>18</height>
				<font>font12_title</font>
				<textcolor>white</textcolor>
				<align>left</align>
				<aligny>center</aligny>
				<scrollout>false</scrollout>
				<pauseatend>2000</pauseatend>
				<label>Click any place to keep this color.</label>
			</control>
			<control type="fadelabel">
				<description>Line 2 Label</description>
				<posx>75</posx>
				<posy>35</posy>
				<width>310</width>
				<height>20</height>
				<font>font12_title</font>
				<textcolor>grey2</textcolor>
				<align>left</align>
				<aligny>center</aligny>
				<scrollout>false</scrollout>
				<pauseatend>2000</pauseatend>
				<label>$INFO[Container(50).Property(MouseCoords)]</label>
			</control>
		</control>
	</controls>
</window>
